metric,year_month,value,source
X,2025-05,28766,202609_マーケティング本部月次報告書.xlsx
X,2025-06,28796,202609_マーケティング本部月次報告書.xlsx
X,2025-07,28859,202609_マーケティング本部月次報告書.xlsx
X,2025-08,28932,202609_マーケティング本部月次報告書.xlsx
X,2025-09,28932,202609_マーケティング本部月次報告書.xlsx
X,2025-10,28946,202609_マーケティング本部月次報告書.xlsx
X,2025-11,28841,202609_マーケティング本部月次報告書.xlsx
X,2025-12,28855,202609_マーケティング本部月次報告書.xlsx
X,2026-01,28912,202609_マーケティング本部月次報告書.xlsx
X,2026-02,28907,202609_マーケティング本部月次報告書.xlsx
X,2026-03,28912,202609_マーケティング本部月次報告書.xlsx
X,2026-04,28868,202609_マーケティング本部月次報告書.xlsx
X,2026-05,28752,202609_マーケティング本部月次報告書.xlsx
X,2026-06,28694,202609_マーケティング本部月次報告書.xlsx
X,2026-07,28655,202609_マーケティング本部月次報告書.xlsx
X,2026-08,28600,202609_マーケティング本部月次報告書.xlsx
X,2026-09,28663,202609_マーケティング本部月次報告書.xlsx
Instagram,2025-05,18665,202609_マーケティング本部月次報告書.xlsx
Instagram,2025-06,18816,202609_マーケティング本部月次報告書.xlsx
Instagram,2025-07,18996,202609_マーケティング本部月次報告書.xlsx
Instagram,2025-08,19374,202609_マーケティング本部月次報告書.xlsx
Instagram,2025-09,19555,202609_マーケティング本部月次報告書.xlsx
Instagram,2025-10,19883,202609_マーケティング本部月次報告書.xlsx
Instagram,2025-11,20112,202609_マーケティング本部月次報告書.xlsx
Instagram,2025-12,20694,202609_マーケティング本部月次報告書.xlsx
Instagram,2026-01,21347,202609_マーケティング本部月次報告書.xlsx
Instagram,2026-02,21717,202609_マーケティング本部月次報告書.xlsx
Instagram,2026-03,21798,202609_マーケティング本部月次報告書.xlsx
Instagram,2026-04,22125,202609_マーケティング本部月次報告書.xlsx
Instagram,2026-05,22494,202609_マーケティング本部月次報告書.xlsx
Instagram,2026-06,22678,202609_マーケティング本部月次報告書.xlsx
Instagram,2026-07,23210,202609_マーケティング本部月次報告書.xlsx
Instagram,2026-08,23751,202609_マーケティング本部月次報告書.xlsx
Instagram,2026-09,24235,202609_マーケティング本部月次報告書.xlsx
YouTube,2025-05,19213,202609_マーケティング本部月次報告書.xlsx
YouTube,2025-06,19240,202609_マーケティング本部月次報告書.xlsx
YouTube,2025-07,19277,202609_マーケティング本部月次報告書.xlsx
YouTube,2025-08,19305,202609_マーケティング本部月次報告書.xlsx
YouTube,2025-09,19321,202609_マーケティング本部月次報告書.xlsx
YouTube,2025-10,19372,202609_マーケティング本部月次報告書.xlsx
YouTube,2025-11,19383,202609_マーケティング本部月次報告書.xlsx
YouTube,2025-12,19409,202609_マーケティング本部月次報告書.xlsx
YouTube,2026-01,19435,202609_マーケティング本部月次報告書.xlsx
YouTube,2026-02,19474,202609_マーケティング本部月次報告書.xlsx
YouTube,2026-03,19480,202609_マーケティング本部月次報告書.xlsx
YouTube,2026-04,19479,202609_マーケティング本部月次報告書.xlsx
YouTube,2026-05,19541,202609_マーケティング本部月次報告書.xlsx
YouTube,2026-06,19541,202609_マーケティング本部月次報告書.xlsx
YouTube,2026-07,19629,202609_マーケティング本部月次報告書.xlsx
YouTube,2026-08,19683,202609_マーケティング本部月次報告書.xlsx
YouTube,2026-09,19713,202609_マーケティング本部月次報告書.xlsx
LINE,2025-05,22335,202609_マーケティング本部月次報告書.xlsx
LINE,2025-06,22336,202609_マーケティング本部月次報告書.xlsx
LINE,2025-07,22686,202609_マーケティング本部月次報告書.xlsx
LINE,2025-08,22894,202609_マーケティング本部月次報告書.xlsx
LINE,2025-09,22992,202609_マーケティング本部月次報告書.xlsx
LINE,2025-10,22994,202609_マーケティング本部月次報告書.xlsx
LINE,2025-11,23255,202609_マーケティング本部月次報告書.xlsx
LINE,2025-12,23297,202609_マーケティング本部月次報告書.xlsx
LINE,2026-01,23378,202609_マーケティング本部月次報告書.xlsx
LINE,2026-02,23564,202609_マーケティング本部月次報告書.xlsx
LINE,2026-03,23651,202609_マーケティング本部月次報告書.xlsx
LINE,2026-04,23752,202609_マーケティング本部月次報告書.xlsx
LINE,2026-05,23831,202609_マーケティング本部月次報告書.xlsx
LINE,2026-06,23866,202609_マーケティング本部月次報告書.xlsx
LINE,2026-07,23939,202609_マーケティング本部月次報告書.xlsx
LINE,2026-08,24020,202609_マーケティング本部月次報告書.xlsx
LINE,2026-09,24095,202609_マーケティング本部月次報告書.xlsx
アクセス数,2023-05,181638,202609_マーケティング本部月次報告書.xlsx
アクセス数,2023-06,225913,202609_マーケティング本部月次報告書.xlsx
アクセス数,2023-07,158735,202609_マーケティング本部月次報告書.xlsx
アクセス数,2023-08,201623,202609_マーケティング本部月次報告書.xlsx
アクセス数,2023-09,229323,202609_マーケティング本部月次報告書.xlsx
アクセス数,2023-10,226466,202609_マーケティング本部月次報告書.xlsx
アクセス数,2023-11,207778,202609_マーケティング本部月次報告書.xlsx
アクセス数,2023-12,205054,202609_マーケティング本部月次報告書.xlsx
アクセス数,2024-01,207478,202609_マーケティング本部月次報告書.xlsx
アクセス数,2024-02,215160,202609_マーケティング本部月次報告書.xlsx
アクセス数,2024-03,216425,202609_マーケティング本部月次報告書.xlsx
アクセス数,2024-04,221139,202609_マーケティング本部月次報告書.xlsx
アクセス数,2024-05,240543,202609_マーケティング本部月次報告書.xlsx
アクセス数,2024-06,229629,202609_マーケティング本部月次報告書.xlsx
アクセス数,2024-07,252190,202609_マーケティング本部月次報告書.xlsx
アクセス数,2024-08,353027,202609_マーケティング本部月次報告書.xlsx
アクセス数,2024-09,381530,202609_マーケティング本部月次報告書.xlsx
アクセス数,2024-10,427260,202609_マーケティング本部月次報告書.xlsx
アクセス数,2024-11,376896,202609_マーケティング本部月次報告書.xlsx
アクセス数,2024-12,342931,202609_マーケティング本部月次報告書.xlsx
アクセス数,2025-01,394963,202609_マーケティング本部月次報告書.xlsx
アクセス数,2025-02,423388,202609_マーケティング本部月次報告書.xlsx
アクセス数,2025-03,395527,202609_マーケティング本部月次報告書.xlsx
アクセス数,2025-04,422019,202609_マーケティング本部月次報告書.xlsx
アクセス数,2025-05,459574,202609_マーケティング本部月次報告書.xlsx
アクセス数,2025-06,402775,202609_マーケティング本部月次報告書.xlsx
アクセス数,2025-07,343286,202609_マーケティング本部月次報告書.xlsx
アクセス数,2025-08,429705,202609_マーケティング本部月次報告書.xlsx
アクセス数,2025-09,458080,202609_マーケティング本部月次報告書.xlsx
アクセス数,2025-10,400279,202609_マーケティング本部月次報告書.xlsx
アクセス数,2025-11,441883,202609_マーケティング本部月次報告書.xlsx
アクセス数,2025-12,421594,202609_マーケティング本部月次報告書.xlsx
アクセス数,2026-01,483090,202609_マーケティング本部月次報告書.xlsx
アクセス数,2026-02,466523,202609_マーケティング本部月次報告書.xlsx
アクセス数,2026-03,400334,202609_マーケティング本部月次報告書.xlsx
アクセス数,2026-04,407674,202609_マーケティング本部月次報告書.xlsx
アクセス数,2026-05,519284,202609_マーケティング本部月次報告書.xlsx
アクセス数,2026-06,470888,202609_マーケティング本部月次報告書.xlsx
アクセス数,2026-07,372549,202609_マーケティング本部月次報告書.xlsx
アクセス数,2026-08,856095,202609_マーケティング本部月次報告書.xlsx
アクセス数,2026-09,421373,202609_マーケティング本部月次報告書.xlsx
WEBサイト（UU数）,2023-05,54429,202609_マーケティング本部月次報告書.xlsx
WEBサイト（UU数）,2023-06,59927,202609_マーケティング本部月次報告書.xlsx
WEBサイト（UU数）,2023-07,46261,202609_マーケティング本部月次報告書.xlsx
WEBサイト（UU数）,2023-08,52994,202609_マーケティング本部月次報告書.xlsx
WEBサイト（UU数）,2023-09,60554,202609_マーケティング本部月次報告書.xlsx
WEBサイト（UU数）,2023-10,58061,202609_マーケティング本部月次報告書.xlsx
WEBサイト（UU数）,2023-11,53929,202609_マーケティング本部月次報告書.xlsx
WEBサイト（UU数）,2023-12,55669,202609_マーケティング本部月次報告書.xlsx
WEBサイト（UU数）,2024-01,55873,202609_マーケティング本部月次報告書.xlsx
WEBサイト（UU数）,2024-02,62209,202609_マーケティング本部月次報告書.xlsx
WEBサイト（UU数）,2024-03,53336,202609_マーケティング本部月次報告書.xlsx
WEBサイト（UU数）,2024-04,57499,202609_マーケティング本部月次報告書.xlsx
WEBサイト（UU数）,2024-05,63954,202609_マーケティング本部月次報告書.xlsx
WEBサイト（UU数）,2024-06,62189,202609_マーケティング本部月次報告書.xlsx
WEBサイト（UU数）,2024-07,54664,202609_マーケティング本部月次報告書.xlsx
WEBサイト（UU数）,2024-08,42438,202609_マーケティング本部月次報告書.xlsx
WEBサイト（UU数）,2024-09,44647,202609_マーケティング本部月次報告書.xlsx
WEBサイト（UU数）,2024-10,46271,202609_マーケティング本部月次報告書.xlsx
WEBサイト（UU数）,2024-11,43839,202609_マーケティング本部月次報告書.xlsx
WEBサイト（UU数）,2024-12,37398,202609_マーケティング本部月次報告書.xlsx
WEBサイト（UU数）,2025-01,43996,202609_マーケティング本部月次報告書.xlsx
WEBサイト（UU数）,2025-02,46026,202609_マーケティング本部月次報告書.xlsx
WEBサイト（UU数）,2025-03,45144,202609_マーケティング本部月次報告書.xlsx
WEBサイト（UU数）,2025-04,50329,202609_マーケティング本部月次報告書.xlsx
WEBサイト（UU数）,2025-05,53838,202609_マーケティング本部月次報告書.xlsx
WEBサイト（UU数）,2025-06,48409,202609_マーケティング本部月次報告書.xlsx
WEBサイト（UU数）,2025-07,41316,202609_マーケティング本部月次報告書.xlsx
WEBサイト（UU数）,2025-08,54193,202609_マーケティング本部月次報告書.xlsx
WEBサイト（UU数）,2025-09,77102,202609_マーケティング本部月次報告書.xlsx
WEBサイト（UU数）,2025-10,91235,202609_マーケティング本部月次報告書.xlsx
WEBサイト（UU数）,2025-11,125699,202609_マーケティング本部月次報告書.xlsx
WEBサイト（UU数）,2025-12,116030,202609_マーケティング本部月次報告書.xlsx
WEBサイト（UU数）,2026-01,111907,202609_マーケティング本部月次報告書.xlsx
WEBサイト（UU数）,2026-02,75965,202609_マーケティング本部月次報告書.xlsx
WEBサイト（UU数）,2026-03,55706,202609_マーケティング本部月次報告書.xlsx
WEBサイト（UU数）,2026-04,51702,202609_マーケティング本部月次報告書.xlsx
WEBサイト（UU数）,2026-05,104307,202609_マーケティング本部月次報告書.xlsx
WEBサイト（UU数）,2026-06,134323,202609_マーケティング本部月次報告書.xlsx
WEBサイト（UU数）,2026-07,60418,202609_マーケティング本部月次報告書.xlsx
WEBサイト（UU数）,2026-08,523972,202609_マーケティング本部月次報告書.xlsx
WEBサイト（UU数）,2026-09,89359,202609_マーケティング本部月次報告書.xlsx
